Type d'activité;Nb_lignes;Intitulé corrigé
Plan de gestion ruisseau - Étude;23;
SYTRAL - T9;9;
Catalogue Bassin BR/BI - Général;8;
BHNS Trévoux Lyon Part Dieu - Étude;6;
Part Dieu Suivi travaux SPL - Expertises, suivi travaux;6;
Gestion patrimoine - Acquisitions informations - Etude;6;
Bilan d'activité annuel - Général;5;
Amiante - Suivi;5;
Aides agence de l'eau, contrat d'agglomération - Général;5;
Diagnostics bassins - Réalisation;5;
Marchés métrologie - Général;5;
Definition stratégie patrimoniale - Assainissement Réseau;5;
Bassins est lyonnais - Étude;4;
BHNS Trévoux Lyon Part Dieu - Réalisation;4;
Bassins est lyonnais - Réalisation;4;
ASTEE - Général;3;
Programmation DTA - Initialisation;3;
Ruisseaux du Grand Lyon - Général;3;
SIG Assainissement - I.C. - Analyse et intégration SIG;3;
Programmation DTA - Étude;3;
schéma généraux - GEMAPI;3;
Definition stratégie patrimoniale - Inondation;3;
Marché Bon de Commande Etudes Geotechniques - Rédaction marché;2;
Management - Général;2;
Marché Bon de Commande Etudes Geotechniques - Suivi;2;
Systeme d'endiguement Vaulx en Velin Augmentation niveau de protection - Initialisation-programme;2;
Récolement assainissement - Général;2;
Taches courantes - Général;2;
Ouvrages hydrauliques du Ravin - Général;1;
Definition stratégie patrimoniale - Eaux pluviales;1;
OPPM - comité de projet;1;
Gestion conventions - OTHU GRAIE;1;
Evolution SIG - Général;1;
Ruisseau du Thou - Suivi;1;
Ruisseau des vosges - Général;1;
Retenues R2 et R5 sur le ruisseau du Ravin - Général;1;
Rapport Barnier - Général;1;
Propriété des trainasses - Réalisation;1;
Prélèvements - Réalisation;1;
Réseaux - suivi chnatiers en tant que MO - Étude;1;
schéma généraux - GEMA;1;
