Type d'activité,Thématique,Sous-thématique
"Activité récurrente - Classement, archive, suivi d'activité, courrier divers, déménagement",Activité récurrente,"Classement, archive, suivi d'activité, courrier divers, déménagement"
Activité récurrente - Réunion,Activité récurrente,Réunion
Absence - Congé ou RTT,Absence,Congé ou RTT
"Activité récurrente - Management, planification, gestion RH",Activité récurrente,"Management, planification, gestion RH"
"Activité récurrente - Formation reçue, visite d'ouvrage",Activité récurrente,"Formation reçue, visite d'ouvrage"
Accompagner les projets urbains sur les espaces publics métropolitains - DMOU,Accompagner les projets urbains sur les espaces publics métropolitains,DMOU
Programmer et piloter les travaux patrimoniaux - Réalisation études de faisabilité/suivi de l'opération/intégration dans patrimoine/bilan,Programmer et piloter les travaux patrimoniaux,Réalisation études de faisabilité/suivi de l'opération/intégration dans patrimoine/bilan
"Connaitre états de santé et fonctionnel des patrimoines - Pilotage, programmation, réalisation, analyse inspections et études (interne/ prestataire)",Connaitre états de santé et fonctionnel des patrimoines,"Pilotage, programmation, réalisation, analyse inspections et études (interne/ prestataire)"
Connaitre les patrimoines - Pilotage des récolements,Connaitre les patrimoines,Pilotage des récolements
Programmer et piloter les travaux patrimoniaux - Pilotage/coordination du programme de travaux,Programmer et piloter les travaux patrimoniaux,Pilotage/coordination du programme de travaux
"Activité récurrente - Suivi marchés, achat, facture, préparation budget",Activité récurrente,"Suivi marchés, achat, facture, préparation budget"
Connaitre les patrimoines - Exploitation/valorisation données SIG,Connaitre les patrimoines,Exploitation/valorisation données SIG
"Elaborer stratégies patrimoniales (connaissance, inspection, travaux, tout ouvrage) - Elaboration","Elaborer stratégies patrimoniales (connaissance, inspection, travaux, tout ouvrage)",Elaboration
Missions tranversale - Gestion sollicitations extérieures pour expertise technique,Missions tranversales,Gestion sollicitations extérieures pour expertise technique
Connaitre les patrimoines - Gestion des remontées anomalies du SIG (horsfoncier),Connaitre les patrimoines,Gestion des remontées anomalies du SIG (horsfoncier)
"Connaitre les patrimoines - Gestion des conventions, servitudes, COT, foncier",Connaitre les patrimoines,"Gestion des conventions, servitudes, COT, foncier"
"Mettre en place une démarche qualité - Elaboration, participation, MAJ des procédures",Mettre en place une démarche qualité,"Elaboration, participation, MAJ des procédures"
Activité récurrente - Colloque / séminaire,Activité récurrente,Colloque / séminaire
Connaitre les patrimoines - MAJ SIG  foncier/propriété/exploitant,Connaitre les patrimoines,MAJ SIG foncier/propriété/exploitant
"Mettre en place une démarche qualité - Elaboration, participation, MAJ  des outils",Mettre en place une démarche qualité,"Elaboration, participation, MAJ des outils"
Grands projets - Les Voies Lyonnaises - Réalisation,Grands projets,Les Voies Lyonnaises - Réalisation
Connaitre les patrimoines - Intégration des DOE,Connaitre les patrimoines,Intégration des DOE
Activité récurrente - Suivi et valorisation de la recherche et de la connaissance,Activité récurrente,Suivi et valorisation de la recherche et de la connaissance
Mettre en place une démarche qualité - Elaboration de bilan d'activité et production des indicateurs,Mettre en place une démarche qualité,Elaboration de bilan d'activité et production des indicateurs
gestion des ouvrages en remblais - Général,Connaitre états de santé et fonctionnel des patrimoines,"Pilotage, programmation, réalisation, analyse inspections et études (interne/ prestataire)"
Accompagner les projets urbains sur les espaces publics métropolitains - Autres services métropolitains,Accompagner les projets urbains sur les espaces publics métropolitains,Autres services métropolitains
Accompagner les projets urbains sur les espaces publics métropolitains - Maitres ouvrages extérieurs,Accompagner les projets urbains sur les espaces publics métropolitains,Maitres ouvrages extérieurs
Absence - Congé exceptionnel ou arrêt maladie,Absence,Congé exceptionnel ou arrêt maladie
Projet Life Artisan - Réalisation,Grands projets,Projet Life Artisan
Les Voies Lyonnaises - Réalisation,Grands projets,Les Voies Lyonnaises - Réalisation
Connaitre les Patrimoines - Contrôle coherence récolement/SIG - G,Connaitre les patrimoines,Contrôle coherence récolement/SIG
Connaitre états de santé et fonctionnel des patrimoines - Gestion Débordement/Inondation/Ruissellement,Connaitre états de santé et fonctionnel des patrimoines,Gestion Débordement/Inondation/Ruissellement
"Connaitre les patrimoines - Pilotage, programmation, réalisation, analyse DTA",Connaitre les patrimoines,"Pilotage, programmation, réalisation, analyse DTA"
Grands projets - Projet Life Artisan - Réalisation,Grands projets,Projet Life Artisan - Réalisation
Grands projets - Coopération Franco Quebequoise - Réalisation,Grands projets,Coopération Franco Quebequoise - Réalisation
Programmer et piloter les travaux patrimoniaux - Pilotage budgétaire programmes de travaux/ordonnancement financier,Programmer et piloter les travaux patrimoniaux,Pilotage budgétaire programmes de travaux/ordonnancement financier
Activité récurrente - Veille technique et normative,Activité récurrente,Veille technique et normative
Accompagner les projets urbains sur les espaces publics métropolitains - RCU,Accompagner les projets urbains sur les espaces publics métropolitains,RCU
Accompagner les projets urbains sur les espaces publics métropolitains - Subdivisions voiries,Accompagner les projets urbains sur les espaces publics métropolitains,Subdivisions voiries
Grands projets - Ville perméable - Général,Grands projets,Ville perméable - Général
Mettre en place une démarche qualité - Gestion des DAF,Mettre en place une démarche qualité,Gestion des DAF
SEMAPLUS - Réalisation,Grands projets,SEMAPLUS
Grands projets - SEMAPLUS - Réalisation,Grands projets,SEMAPLUS - Réalisation
Missions tranversale - Missions Conseiller conduite de projet,Missions tranversales,Missions Conseiller conduite de projet
Accompagner les projets urbains sur les espaces publics métropolitains - Gestion des classements/déclassements,Accompagner les projets urbains sur les espaces publics métropolitains,Gestion des classements/déclassements
Diagnostics bassins - Étude,Connaitre états de santé et fonctionnel des patrimoines,"Pilotage, programmation, réalisation, analyse inspections et études (interne/ prestataire)"
Projet OASIS - Classement des serveurs L: et H: - Réalisation,Mettre en place une démarche qualité,"Elaboration, participation, MAJ des outils"
Missions tranversale - Préparation budgétaire global  OR,Missions tranversales,Préparation budgétaire global OR
Missions tranversale - Rapport d'autosurveillance/Barnier/données réglementaires,Missions tranversales,Rapport d'autosurveillance/Barnier/données réglementaires
ASTEE-GT Standards SIG - Général,Activité récurrente,Suivi et valorisation de la recherche et de la connaissance
Réseaux - Programmation travaux patrimoniaux - Étude,Programmer et piloter les travaux patrimoniaux,Réalisation études de faisabilité/suivi de l'opération/intégration dans patrimoine/bilan
Erable - Pour des rivieres vivantes- Mapca - Réalisation,Grands projets,Erable - Pour des rivieres vivantes
Connaitre états de santé et fonctionnel des patrimoines - Mise en place outils aide à programmation inspections,Connaitre états de santé et fonctionnel des patrimoines,Mise en place outils aide à programmation inspections
Activité récurrente - Divers,Activité récurrente,Activité récurrente - Divers
"Elaborer stratégies patrimoniales (connaissance, inspection, travaux, tout ouvrage)","Elaborer stratégies patrimoniales (connaissance, inspection, travaux, tout ouvrage)",Elaboration
Marathon de la biodiversité - Etudes,Grands projets,Marathon de la biodiversité - Etudes
Classement déclassement - Etude,Accompagner les projets urbains sur les espaces publics métropolitains,Gestion des classements/déclassements
Compétence Ruisseaux - GEMAPI - suivi des Partenaires - Général,Activité récurrente,Réunion
Connaitre les Patrimoines - Mise à jour Sysma - Réalisation,Connaitre les patrimoines,Mise à jour Sysma
Programmer et piloter les travaux patrimoniaux,Programmer et piloter les travaux patrimoniaux,Pilotage budgétaire programmes de travaux/ordonnancement financier
Coopération Franco Quebequoise - Réalisation,Grands projets,Coopération Franco Quebequoise - Réalisation
Systeme d'endiguement de Vaulx en velin - aménagements pour augmentation du niveau de protection - Réalisation,Programmer et piloter les travaux patrimoniaux,Réalisation études de faisabilité/suivi de l'opération/intégration dans patrimoine/bilan
Missions tranversale - Extension SRU/sollicitions pour PC,Missions tranversales,Extension SRU/sollicitions pour PC
Ville perméable - Général,Grands projets,Ville perméable
"SIG-Techniques Alternatives, OGEP - Général",Connaitre les patrimoines,Pilotage des récolements
Missions tranversale,Missions tranversales,Missions Conseiller conduite de projet
traitement dossier reception travaux (PV) - Réalisation,Programmer et piloter les travaux patrimoniaux,Réalisation études de faisabilité/suivi de l'opération/intégration dans patrimoine/bilan
Activité récurrente - Veille technique et normative ,Activité récurrente,Veille technique et normative
Systeme d'endiguement de Vaulx en velin - aménagements pour augmentation du niveau de protection - Etudes,Programmer et piloter les travaux patrimoniaux,Réalisation études de faisabilité/suivi de l'opération/intégration dans patrimoine/bilan
"Participation à la migration, à l'évolution du SIG (pilotage Cellule GEOM) - Réalisation",Grands projets,"Participation à la migration, à l'évolution du SIG (pilotage Cellule GEOM) - Réalisation"
"Connaitre les patrimoines - Définition, clarification du patrimoine - General",Connaitre les patrimoines,"Définition, clarification du patrimoine - General"
Programmer et piloter les travaux patrimoniaux - Missions de maitre d'oeuvre (usines),Programmer et piloter les travaux patrimoniaux,Missions de maitre d'oeuvre (usines)
Projet européen AI-Liner - Suivi - Réalisation,Grands projets,Projet européen AI-Liner
Connaitre les patrimoines,Connaitre les patrimoines,"Gestion des conventions, servitudes, COT, foncier"
Base de données des ruisseaux - Général,Connaitre les patrimoines,Gestion des remontées anomalies du SIG (horsfoncier)
Mettre en place une démarche qualité,Mettre en place une démarche qualité,"Elaboration, participation, MAJ des procédures"
Demandes d'agrement fournitures - Agrement,Mettre en place une démarche qualité,Gestion des DAF
"Grands projets - Participation à la migration, à l'évolution du SIG (pilotage Cellule GEOM) - Réalisation",Grands projets,"Participation à la migration, à l'évolution du SIG (pilotage Cellule GEOM) - Réalisation"
Référentiels et guide techniques CCTP - Réalisation,Mettre en place une démarche qualité,"Elaboration, participation, MAJ des outils"
Grands projets - Référentiels et guide techniques CCTP - Réalisation,Grands projets,Référentiels et guide techniques CCTP - Réalisation
Plan de gestion ruisseau - Suivi de réalisation,Programmer et piloter les travaux patrimoniaux,Réalisation études de faisabilité/suivi de l'opération/intégration dans patrimoine/bilan
Les Voies Lyonnaises - Étude,Grands projets,Les Voies Lyonnaises - Réalisation
"SIG Assainissement - contrôle, MAJ",Connaitre les patrimoines,Gestion des remontées anomalies du SIG (horsfoncier)
"SIG-Récolement ZAC, DOE - Contrôle, MAJ",Connaitre les patrimoines,Pilotage des récolements
Les Voies Lyonnaises - Initialisation,Grands projets,Les Voies Lyonnaises - Réalisation
SIG Assainissement - traitement anomalies,Connaitre les patrimoines,Gestion des remontées anomalies du SIG (horsfoncier)
Expertise technique diverses - Général,Missions tranversales,Gestion sollicitations extérieures pour expertise technique
Voies Lyonnaises - Travaux Grilles - Realisation,Programmer et piloter les travaux patrimoniaux,Réalisation études de faisabilité/suivi de l'opération/intégration dans patrimoine/bilan
Connaitre les Patrimoines - Pilotage des récolements,Connaitre les patrimoines,Pilotage des récolements
Mise en séparatif Corbas Est - Faisabilité,Programmer et piloter les travaux patrimoniaux,Réalisation études de faisabilité/suivi de l'opération/intégration dans patrimoine/bilan
"Définition, clarification du patrimoine - General",Connaitre les patrimoines,"Définition, clarification du patrimoine"
Réseaux - Programmation travaux patrimoniaux - Réalisation,Programmer et piloter les travaux patrimoniaux,Pilotage/coordination du programme de travaux
"Participation à la migration, à l'évolution du SIG (pilotage Cellule GEOM) - Étude",Grands projets,"Participation à la migration, à l'évolution du SIG (pilotage Cellule GEOM) - Réalisation"
Projet Life Artisan - Étude,Grands projets,Projet Life Artisan
Autosurveillance Grand Lyon - Général,Missions tranversales,Rapport d'autosurveillance/Barnier/données réglementaires
CONTRÔLE DES OUVRAGES  / MESURE QUALITÉ ET DÉBIT DE L'EAU - Étude,Connaitre états de santé et fonctionnel des patrimoines,"Pilotage, programmation, réalisation, analyse inspections et études (interne/ prestataire)"
OPPM,Missions tranversales,Missions Conseiller conduite de projet
Référentiels et guide techniques CCTP,Grands projets,Referentiel des ouvrages types
Veille technique et normative ,Activité récurrente,Veille technique et normative
Ville perméable -  pilotage - Réalisation,Grands projets,Ville perméable
schéma généraux - Assainissement,"Elaborer stratégies patrimoniales (connaissance, inspection, travaux, tout ouvrage)",Elaboration
