Semaine de l'activité,Agent,Type d'activité,Durée
2023-09,CHUZEVILLE Gilles (007081W),Récolement assainissement - Général,0.0
2023-12,CHUZEVILLE Gilles (007081W),Amiante - Suivi,4.0
2023-01,CALTRAN Herve (124322G),Bilan d'activité annuel - Général,16.0
2023-01,CALTRAN Herve (124322G),Réseaux - suivi chnatiers en tant que MO - Étude,1.0
2023-01,CALTRAN Herve (124322G),ASTEE - Général,2.0
2023-03,CALTRAN Herve (124322G),BHNS Trévoux Lyon Part Dieu - Étude,2.0
2023-07,CALTRAN Herve (124322G),Systeme d'endiguement Vaulx en Velin Augmentation niveau de protection - Initialisation-programme,1.0
2023-07,CALTRAN Herve (124322G),"Part Dieu Suivi travaux SPL - Expertises, suivi travaux",4.0
2023-08,CALTRAN Herve (124322G),Definition stratégie patrimoniale - Eaux pluviales,3.0
2023-18,CALTRAN Herve (124322G),schéma généraux - GEMAPI,4.5
2023-22,CALTRAN Herve (124322G),Gestion conventions - OTHU GRAIE,3.0
2023-26,CALTRAN Herve (124322G),Management - Général,6.0
2023-37,CALTRAN Herve (124322G),BHNS Trévoux Lyon Part Dieu - Réalisation,3.0
2023-03,LAPLANCHE Aurelie (128274C),"Aides agence de l'eau, contrat d'agglomération - Général",3.0
2023-27,LAPLANCHE Aurelie (128274C),Propriété des trainasses - Réalisation,2.0
2023-02,RAVEL Violette (124789P),Diagnostics bassins - Réalisation,1.5
2023-02,RAVEL Violette (124789P),Catalogue Bassin BR/BI - Général,5.5
2023-03,RAVEL Violette (124789P),Plan de gestion ruisseau - Étude,4.0
2023-03,RAVEL Violette (124789P),Ruisseaux du Grand Lyon - Général,1.5
2023-04,RAVEL Violette (124789P),Ruisseau des vosges - Général,1.5
2023-05,RAVEL Violette (124789P),Ouvrages hydrauliques du Ravin - Général,1.0
2023-05,RAVEL Violette (124789P),Marchés métrologie - Général,2.0
2023-09,RAVEL Violette (124789P),schéma généraux - GEMA,8.0
2023-08,RAVEL Violette (124789P),Ruisseau du Thou - Suivi,2.0
2023-13,RAVEL Violette (124789P),Retenues R2 et R5 sur le ruisseau du Ravin - Général,2.0
2023-02,BONOTAUX Juliette (123736V),OPPM - comité de projet,2.0
2023-04,BRICHARD Marc (126009Q),Programmation DTA - Étude,2.0
2023-05,BRICHARD Marc (126009Q),Prélèvements - Réalisation,3.0
2023-21,BRICHARD Marc (126009Q),Programmation DTA - Initialisation,2.0
2023-06,WEISS Julie (130075K),Definition stratégie patrimoniale - Assainissement Réseau,5.0
2023-13,WEISS Julie (130075K),Gestion patrimoine - Acquisitions informations - Etude,4.0
2023-01,ZOBOUYAN Serge (123959M),Definition stratégie patrimoniale - Inondation,5.0
2023-08,ZOBOUYAN Serge (123959M),Marché Bon de Commande Etudes Geotechniques - Rédaction marché,4.0
2023-10,ZOBOUYAN Serge (123959M),SYTRAL - T9,5.0
2023-49,ZOBOUYAN Serge (123959M),Marché Bon de Commande Etudes Geotechniques - Suivi,4.0
2023-12,GOUGUI Abdalah (132065Y),Evolution SIG - Général,8.0
2023-15,GOUGUI Abdalah (132065Y),SIG Assainissement - I.C. - Analyse et intégration SIG,5.0
2023-19,GOUGUI Abdalah (132065Y),Rapport Barnier - Général,10.5
2023-01,DUPLAN Alain (M26731Z),Bassins est lyonnais - Étude,5.0
2023-01,DUPLAN Alain (M26731Z),Bassins est lyonnais - Réalisation,9.0
2023-36,DEQUATRE Laura (M30694Z),Taches courantes - Général,4.0
